{
  "project_info": {
    "project_number": "1032477687837",
    "firebase_url": "https://origin-mobile.firebaseio.com",
    "project_id": "origin-mobile",
    "storage_bucket": "origin-mobile.appspot.com"
  },
  "client": [
    {
      "client_info": {
        "mobilesdk_app_id": "1:1032477687837:android:690529247b95eedc7606f4",
        "android_client_info": {
          "package_name": "com.labsolutec.origin"
        }
      },
      "oauth_client": [
        {
          "client_id": "1032477687837-lt9h23orml1kn6c34o5k5b52brv2ipja.apps.googleusercontent.com",
          "client_type": 3
        }
      ],
      "api_key": [
        {
          "current_key": "AIzaSyBy8oIyP9pQVuP_5p9M88hBTGMa22ZdClE"
        }
      ],
      "services": {
        "appinvite_service": {
          "other_platform_oauth_client": [
            {
              "client_id": "1032477687837-lt9h23orml1kn6c34o5k5b52brv2ipja.apps.googleusercontent.com",
              "client_type": 3
            }
          ]
        }
      }
    }
  ],
  "configuration_version": "1"
}